{
	"id": "2f045efc-3ca4-4428-a3dd-2c8a096f4ed0",
	"name": "LoginAppENv",
	"values": [
		{
			"key": "baseUrl",
			"value": "http://localhost:5000",
			"type": "default",
			"enabled": true
		},
		{
			"key": "token",
			"value": "",
			"type": "default",
			"enabled": true
		},
		{
			"key": "itemId",
			"value": "",
			"type": "default",
			"enabled": true
		}
	],
	"_postman_variable_scope": "environment",
	"_postman_exported_at": "2025-07-28T13:23:45.799Z",
	"_postman_exported_using": "Postman/11.56.0"
}